Hra / Poznámka,Název hry,BGG ID,Jazyky,Umístění,Datum přidání
GAME,18 Lilliput,,,,1.1.2022
GAME,1824 Austria-Hungary,,,,1.1.2022
GAME,18CZ: Počátek železnice v Českých zemích,,,,1.1.2022
,Bonusové desky,,,,
GAME,1989: Úsvit svobody,,,,1.1.2022
GAME,5 minute dungeon,,,,1.1.2022
GAME,504,,,,1.1.2022
GAME,6 bere!,,,,1.1.2022
GAME,7 Divů světa,,,,1.1.2022
GAME,7 Divů světa – DUEL,,,,1.1.2022
,Rozšíření: 7 Divů světa – DUEL Pantheon,,,,
GAME,7 Days of Westerplatte,,,,1.1.2022
GAME,A Song of Ice and Fire,,,,1.1.2022
,Kickstarter edice,,,,
GAME,Adrenalin,,,,1.1.2022
GAME,Aeon’s End: The New Age,,,,1.1.2022
GAME,Afrika,,,,1.1.2022
GAME,Agricola,,,,1.1.2022
,Rozšíření: Sedláci z blat,,,,
,"Rozšíření: Balíčky Č, Ö, X a Z",,,,
GAME,Airlines Europe,,,,1.1.2022
GAME,Alhambra,,,,1.1.2022
GAME,Alchymisté,,,,1.1.2022
,Rozšíření: Královský golem,,,,
GAME,Anachrony,,CZ,,1.1.2022
GAME,Anachrony ,,ENG,,1.1.2022
,Exosuit Commander Pack,,,,
GAME,Andor – Dobrodružné legendy,,,,1.1.2022
GAME,Aquädukt,,,,1.1.2022
GAME,Arboretum,,,,1.1.2022
GAME,Arcadia Quest: Inferno,,,,1.1.2022
,Kickstarter edice,,,,
,"Rozšíření: Poison Dragon, Whole Lotta Lava, Riders",,,,
GAME,Architekti Západního království,,,,1.1.2022
,Rozšíření: Rozkvět řemesel,,,,
GAME,Ark and Noah,,,,1.1.2022
GAME,Arkham Horror,,,,1.1.2022
,2. edice,,,,
,Rozšíření: Dunwich Horror,,,,
GAME,Arkham Horror,,,,1.1.2022
,3. edice,,,,
GAME,Arkham Ritual,,,,1.1.2022
GAME,Athéna,,,,1.1.2022
GAME,Auf Zack!,,,,1.1.2022
GAME,Auto Farmer,,,,1.1.2022
GAME,Azul,,,,1.1.2022
GAME,Azul: Vitráže Sintry,,,,1.1.2022
GAME,Baba Jaga,,,,1.1.2022
GAME,Babylonia,,,,1.1.2022
GAME,Balíkáři,,,,1.1.2022
GAME,Bang!,,,,1.1.2022
,"Rozšíření: Divoký západ, Fistful, Město Duchů, Údolí stínů, Zlatá horečka)",,,,
GAME,Bang! Duel,,,,1.1.2022
,Rozšíření: Bang! Duel – Odpadlíci,,,,
GAME,Bang! Kostková hra,,,,1.1.2022
GAME,Barbarians: The Invasion,,,,1.1.2022
GAME,Barevná příšerka,,,,1.1.2022
GAME,Barony,,,,1.1.2022
GAME,Barrage,,,,1.1.2022
,Kickstarter edice,,,,
,The Leeghwater Project,,,,
GAME,Batman: Gotham City Chronicles,,,,1.1.2022
,Kickstarter edice,,,,
GAME,Battalia: The Creation,,,,1.1.2022
GAME,Battlestar Galactica: The Board Game ,,CZ,,1.1.2022
,"karty jsou v češtině, ale chybí vytištěná pravidla, najdete na ZT",,,,
,Rozšíření: Daybreak,,,,
,Rozšíření: Exodus,,,,
,Rozšíření: Pegasus,,,,
GAME,Bears vs. Babies,,,,1.1.2022
,Rozšíření: NSFW Pack,,,,
GAME,Betrayal at House on the Hill,,,,1.1.2022
,Upgradekit,,,,
,Rozšíření: Widow’s Walk,,,,
GAME,Běsnění Drákuly,,,,1.1.2022
GAME,Bios: Genesis,,,,1.1.2022
GAME,Bios: Megafauna,,,,1.1.2022
GAME,Blackout: Hong Kong ,,DE,,1.1.2022
GAME,Blafuj,,,,1.1.2022
GAME,Bloodborne – Karetní hra,,,,1.1.2022
GAME,Bloodborne: Board Game,,,,1.1.2022
,Kickstarter edice,,,,
GAME,Blood Rage,,CZ,,1.1.2022
,Rozšíření: Bohové z Asgardu,,,,
,Rozšíření: Zaříkávači z Midgardu,,,,
,Rozšíření: pro pátého hráče,,,,
GAME,Blood Rage,,ENG ,,1.1.2022
,"Kickstarter – extra monstra, Pátý hráč, Bohové z Asgardu",,,,
,Rozšíření: Zaříkávači z Midgardu,,,,
,Neoprenový Playmat,,,,
GAME,Boží zboží,,,,1.1.2022
GAME,Brass: Birmingham,,,,1.1.2022
GAME,Brass: Lancashire,,,,1.1.2022
GAME,Břink! Velká podzemní loupež,,,,1.1.2022
GAME,Břink! Ve vesmíru! Velká galaktická loupež,,,,1.1.2022
GAME,Bum Bum Burrito,,,,1.1.2022
GAME,Bystroočko,,,,1.1.2022
GAME,Cacao,,,,1.1.2022
GAME,Cappuccino,,,,1.1.2022
GAME,Captain Sonar,,,,1.1.2022
,Rozšíření: Upgrade One,,,,
GAME,Carcassonne,,,,1.1.2022
,"Rozšíření: Kupci a stavitelé, Opatství a starosta, Princezna a drak, Věž",,,,
GAME,Carcassonne – Lovci a sběrači,,,,1.1.2022
GAME,Carcassonne – Safari,,,,1.1.2022
GAME,Carcassonne – Zlatá horečka,,,,1.1.2022
GAME,Cardline: Dinosauři,,,,1.1.2022
GAME,Cardline: Svět zvířat,,,,1.1.2022
GAME,Cardline: Světoběžník,,,,1.1.2022
GAME,Cards Against Humanity,,"CZ, ENG",,1.1.2022
GAME,Catan: Big Box (Osadníci z Katanu),,,,1.1.2022
GAME,Catan – Osadníci z Katanu,,,,1.1.2022
,"Rozšíření: Poklady, draci a objevitelé",,,,
,Rozšíření: Atlantis,,,,
,Rozšíření: Města a rytíři,,,,
,Rozšíření: Námořníci,,,,
GAME,Catan – Osadníci z Katanu – Hra o trůny: Noční hlídka,,,,1.1.2022
GAME,Catan – Osadníci z Katanu – Obchod v Evropě,,,,1.1.2022
GAME,Catan – Osadníci z Katanu – Karetní hra pro dva,,,,1.1.2022
,"Rozšíření: Barbaři a obchodníci, Politika a intriky, Rytíři a obchodníci a Věda a pokrok",,,,
GAME,Catan – Osadníci z Katanu – Rychlá karetní hra,,,,1.1.2022
GAME,Caverna: Sedláci z jeskyní,,,,1.1.2022
GAME,Caylus,,,,1.1.2022
GAME,Celestia,,,,1.1.2022
GAME,Cerebria – The Inside World,,,,1.1.2022
GAME,Cerebria Card game,,,,1.1.2022
GAME,Cesta za štěstím,,,,1.1.2022
GAME,Cestou necestou,,,,1.1.2022
GAME,Ceylon,,,,1.1.2022
GAME,Circadians: First Light,,,,1.1.2022
,Kickstarter edice,,,,
GAME,Cirkus na kolečkách,,,,1.1.2022
GAME,Citadela,,,,1.1.2022
,De Luxe,,,,
GAME,Citadela času,,,,1.1.2022
GAME,Clash of Rage,,,,1.1.2022
,Kickstarter edice,,,,
,Heroes expansion,,,,
GAME,Claustrophobia 1643,,,,1.1.2022
GAME,Cloudspire,,,,1.1.2022
,Rozšíření: Portal Seekers a The Griege,,,,
GAME,CO2: Second Chance,,,,1.1.2022
GAME,Coloma,,,,1.1.2022
GAME,Coloretto,,,,1.1.2022
GAME,Coloretto Amazonas,,,,1.1.2022
GAME,Colt Express,,,,1.1.2022
GAME,Cortex Challenge,,,,1.1.2022
GAME,Costa Rica,,,,1.1.2022
GAME,Coup: Noční klub,,,,1.1.2022
GAME,Court of the Dead: Mourners Call,,,,1.1.2022
GAME,Crash by crash,,,,1.1.2022
GAME,Cthulhu: Death May Die ,,ENG,,1.1.2022
,Kickstarted Edice – All-in,,,,
GAME,Cyclades,,,,1.1.2022
,Rozšíření: Cyclades-Kemet Crossover),,,,
GAME,Černé historky 1,,,,1.1.2022
GAME,Černé historky 2,,,,1.1.2022
GAME,Černé historky 3,,,,1.1.2022
GAME,Černé historky: Absurdní příběhy,,,,1.1.2022
GAME,Černé historky: Bílé historky,,,,1.1.2022
GAME,Černé historky: Modré historky,,,,1.1.2022
GAME,Černé historky: Prázdninové příběhy,,,,1.1.2022
GAME,Černé historky: Příběhy z nemocnice,,,,1.1.2022
GAME,Černé historky: Příběhy ze středověku,,,,1.1.2022
GAME,Černé historky: Skutečné příběhy,,,,1.1.2022
GAME,Černé historky: Zlaté historky,,,,1.1.2022
GAME,Černé historky: Zločin a sex,,,,1.1.2022
GAME,Čtveráček,,,,1.1.2022
GAME,DAO,,,,1.1.2022
GAME,Darjeeling,,,,1.1.2022
GAME,Dark Domains,,,,1.1.2022
GAME,Dark Souls,,,,1.1.2022
,Rozšíření: Dark Root,,,,
GAME,Decrypto,,,,1.1.2022
GAME,Dědictví,,,,1.1.2022
GAME,Dejá vu: Fragments of memory,,,,1.1.2022
GAME,Descent: Výpravy do temnot,,,,1.1.2022
,Rozšíření: Labyrint skázy,,,,
,Rozšíření: Stíny Nerakkalu,,,,
GAME,Desítka,,,,1.1.2022
,Rozšíření,,,,
GAME,Desítka – Česko,,,,1.1.2022
GAME,Děsnej krvák,,,,1.1.2022
GAME,Detektiv: Po stopách zločinu,,,,1.1.2022
,Rozšíření: Zločin v L.A,,,,
GAME,Detektivní únikovka – Leopold – díl 1. Kyvadlo zesnulých,,,,1.1.2022
GAME,Detektivní únikovka – Leopold – díl 1. Bílý spánek,,,,1.1.2022
GAME,Deus,,,,1.1.2022
GAME,Dice Forge,,,,1.1.2022
GAME,Dice Settlers,,,,1.1.2022
GAME,Dice Throne,,,,1.1.2022
GAME,Dice Town,,,,1.1.2022
,Rozšíření: Dice Town – Expansion,,,,
GAME,Die Holde Isolde,,,,1.1.2022
GAME,Die Macher,,,,1.1.2022
GAME,Difference,,,,1.1.2022
GAME,Dinosaur Island,,,,1.1.2022
,Deluxe edice,,,,
,Rozšíření: Totally Liquid,,,,
GAME,Discover: Země neznámé,,,,1.1.2022
GAME,Disko Švábi,,,,1.1.2022
GAME,Divočina,,,,1.1.2022
GAME,Divoký západ,,,,1.1.2022
GAME,Divukraj,,,,1.1.2022
GAME,Dixit,,,,1.1.2022
,"Rozšíření: 2,3,4,5,6,7,8,9",,,,
GAME,Dixit Odyssey,,,,1.1.2022
GAME,Doba kamenná,,,,1.1.2022
,Rozšíření: Stylově k cíli,,,,
GAME,Doba kamenná Junior,,,,1.1.2022
GAME,Dobble,,"CZ, ENG",,1.1.2022
GAME,Dobble Star Wars,,,,1.1.2022
GAME,Dobble Kids,,,,1.1.2022
GAME,Dobyvatelé vesmíru,,,,1.1.2022
GAME,Dokonalý pár,,,,1.1.2022
GAME,Dominion,,,,1.1.2022
,Rozšíření: Roh hojnosti,,,,
,Rozšíření: Temné časy,,,,
GAME,DOOM,,,,1.1.2022
GAME,Dorn,,,,1.1.2022
GAME,Dostihy a sázky,,,,1.1.2022
GAME,Dračí srdce,,,,1.1.2022
GAME,Draftosaurus,,,,1.1.2022
GAME,Drop It,,,,1.1.2022
GAME,Duelosaur Island,,,,1.1.2022
GAME,Duch!,,,,1.1.2022
,Feztovní vydání,,,,
GAME,Duchová v koupelně,,,,1.1.2022
GAME,Dune,,,,1.1.2022
GAME,Dungeon Fighter,,,,1.1.2022
,4 Rozšížení,,,,
GAME,Dungeonology: the expedition,,,,1.1.2022
,Rozšíření: Circe,,,,
GAME,Eclipse: Second Dawn for the Galaxy,,,,1.1.2022
,World’s Afar Expansion,,,,
,Playmat,,,,
GAME,Eldritch Horror,,,,1.1.2022
GAME,Empatia,,,,1.1.2022
GAME,Empires of the Void II,,,,1.1.2022
GAME,Enclave,,,,1.1.2022
GAME,Enigma,,,,1.1.2022
GAME,Endeavor: Age of Sail,,,,1.1.2022
GAME,Endogenesis,,,,1.1.2022
GAME,envyra,,,,1.1.2022
GAME,Escape: Big Box,,,,1.1.2022
GAME,Escape Plan,,,,1.1.2022
GAME,Escape Room 2,,,,1.1.2022
GAME,Ethnos,,,,1.1.2022
GAME,Euphoria: Cestou k lepší dystopii,,,,1.1.2022
GAME,Euphrat & Tigris,,,,1.1.2022
GAME,Everdell ,,,,1.1.2022
,Collector’s Edition,,,,
,Rozšíření: Pearlbrook,,,,
,Rozšíření: Spirecrest,,,,
,Rozšíření: Bellfaire,,,,
GAME,Evoluce: O původu druhů,,,,1.1.2022
,Rozšíření: Čas létat,,,,
,Rozšíření: Kontinenty,,,,
GAME,Evropa – otázky a odpovědi,,,,1.1.2022
GAME,Ex Libris,,,,1.1.2022
GAME,Exploding kittens,,,,1.1.2022
,Original Edition,,,,
,NSFW deck,,,,
GAME,Faceless,,,,1.1.2022
GAME,Factory funner,,,,1.1.2022
GAME,Fallout,,,,1.1.2022
,Rozšíření: Nová Kalifornie,,,,
GAME,Famiglia,,,,1.1.2022
GAME,Fauna,,,,1.1.2022
GAME,Fireball Island: The Curse of Vul Kar,,,,1.1.2022
,Rozšíření: Wreck of the Crimson Cutlass,,,,
,Rozšíření: Crouching Tiger Hidden Bees,,,,
,Rozšíření: The Last Adventurer,,,,
GAME,Flora,,,,1.1.2022
GAME,Food Chain Magnate,,,,1.1.2022
,Rozšíření: The Ketchup Mechanism and Other Ideas,,,,
GAME,Forbidden Stars,,CZ,,1.1.2022
GAME,Fresco: Big Box,,,,1.1.2022
GAME,Fuji Koro Deluxe,,,,1.1.2022
,Playmat,,,,
GAME,Fuse,,,,1.1.2022
,Žoliková kostka,,,,
GAME,Gaia Project,,,,1.1.2022
GAME,Galaxy Trucker,,,,1.1.2022
,"Rozšíření: Mise, Nové lodě, Velké Rozšíření: a Další velké rozšíření",,,,
GAME,Game of Trains,,,,1.1.2022
GAME,Get bit,,,,1.1.2022
GAME,Ghost Stories,,,,1.1.2022
,Rozšíření: White Moon,,,,
GAME,Glen More II: Chronicles,,,,1.1.2022
GAME,Gobbit,,,,1.1.2022
GAME,God of War,,,,1.1.2022
GAME,GOLD,,,,1.1.2022
GAME,Graenaland,,,,1.1.2022
GAME,Great Western Trail,,,,1.1.2022
GAME,Greenland,,,,1.1.2022
GAME,Gugong,,,,1.1.2022
GAME,Hadara,,,,1.1.2022
GAME,Halali,,,,1.1.2022
GAME,Hanabi,,,,1.1.2022
GAME,Harry Potter: Hogwarts Battle,,,,1.1.2022
,Rozšíření: The Monster Box of Monsters,,,,
GAME,Harry Potter – Kouzelnické šachy,,,,1.1.2022
GAME,HATE!,,,,1.1.2022
,Rozšíření: Mother Prophecy,,,,
,Rozšíření: Tribe of Vore Nash,,,,
,Rozšíření: Tribe of Um’Tull,,,,
,Rozšíření: Tribe of Sarrassa,,,,
,Rozšíření: Battlegrounds of Hate,,,,
,"Rozšíření: 3D Plastic Plateaus, 3D Plastic Huts Expansion, 3D Plastic Trees",,,,
,Art Book,,,,
GAME,Hellboy,,,,1.1.2022
,Rozšíření: Box Full of Evil,,,,
GAME,Heroes of Black Reach,,,,1.1.2022
GAME,Heroes of Tenefyr,,,,1.1.2022
GAME,Hexpanse,,,,1.1.2022
GAME,Hlavně klid!,,,,1.1.2022
GAME,Hledá se hrdina,,,,1.1.2022
GAME,Honba za prstenem,,,,1.1.2022
GAME,Horký brambor – Junior,,,,1.1.2022
GAME,Hra o Trůny – Desková hra,,,,1.1.2022
,Rozšíření: Matka draků,,,,
GAME,Hra o trůny: Intriky Západozemí,,,,1.1.2022
GAME,Hra o trůny: Železný trůn,,,,1.1.2022
GAME,Hrdina v kostce,,,,1.1.2022
GAME,Hrdinové bez záruky,,,,1.1.2022
GAME,Hurá na houby,,,,1.1.2022
GAME,Hustá mela,,,,1.1.2022
GAME,Hyperborea,,,,1.1.2022
GAME,Hypergrid,,,,1.1.2022
GAME,Champions of midgard,,,,1.1.2022
,Rozšíření: Jarl Edition,,,,
,Playmat,,,,
GAME,Chňapni pejska,,,,1.1.2022
GAME,Churchill,,,,1.1.2022
GAME,Chyť lva,,,,1.1.2022
GAME,Icaion,,,,1.1.2022
GAME,Ice Cool – Ledová škola,,,,1.1.2022
GAME,Igloo Mania,,,,1.1.2022
GAME,iKnow,,,,1.1.2022
GAME,iKnow All in,,,,1.1.2022
GAME,iKnow Česko,,,,1.1.2022
GAME,iKnow Mini Inovace,,,,1.1.2022
GAME,iKnow Mini Lifestyle,,,,1.1.2022
GAME,iKnow Mini Svět,,,,1.1.2022
GAME,Indus,,,,1.1.2022
GAME,Inis,,,,1.1.2022
GAME,Inovace,,,,1.1.2022
GAME,Insula,,,,1.1.2022
GAME,Inuit The Snow Folk,,,,1.1.2022
GAME,Invaders,,,,1.1.2022
GAME,Istanbul,,,,1.1.2022
GAME,It’s a Wonderful World,,,,1.1.2022
GAME,Jackal & High,,,,1.1.2022
GAME,Jak jako jak?,,,,1.1.2022
GAME,Jedním slovem,,,,1.1.2022
GAME,Jídlo s.r.o.,,,,1.1.2022
GAME,"Jízdenky, prosím! Evropa",,,,1.1.2022
GAME,"Jízdenky, prosím!",,,,1.1.2022
GAME,Jižní Morava,,,,1.1.2022
GAME,John Company,,,,1.1.2022
GAME,Jungle Speed,,,,1.1.2022
GAME,Junk Art: Umění odpadu,,,,1.1.2022
GAME,Kaleidoskop,,,,1.1.2022
GAME,"Kámen, zbraně, papír",,,,1.1.2022
GAME,Kamionem po Evropě,,,,1.1.2022
GAME,Kanagawa,,,,1.1.2022
GAME,Kanban EV,,,,1.1.2022
GAME,Karty mrtvého muže,,,,1.1.2022
GAME,Katamino,,,,1.1.2022
GAME,Kde leží Uppsala,,,,1.1.2022
GAME,Keltis,,,,1.1.2022
GAME,Kemet,,,,1.1.2022
GAME,Khronos,,,,1.1.2022
GAME,Kill the Unicorns,,,,1.1.2022
GAME,Kingdom Builder Big Box,,,,1.1.2022
GAME,Kingdomino,,,,1.1.2022
,Rozšíření: Věk obrů,,,,
GAME,Kitchen Rush,,,,1.1.2022
,Rozšíření: Piece of Cake,,,,
GAME,Kleine Fotosafari,,,,1.1.2022
GAME,Klub Ztroskotanců,,,,1.1.2022
GAME,Kmotr: Impérium Corleonů,,,,1.1.2022
GAME,Kočičí klub,,,,1.1.2022
GAME,Kolonie,,,,1.1.2022
GAME,Komu zvoní tramvaj,,,,1.1.2022
GAME,Koncept,,,,1.1.2022
GAME,Korrigans,,,,1.1.2022
GAME,Kostky,,,,1.1.2022
GAME,Krabčáci,,,,1.1.2022
GAME,Královské rošády,,,,1.1.2022
GAME,Kronika zločinu,,,,1.1.2022
,Noir,,,,
GAME,Krycí jména,,,,1.1.2022
GAME,Krycí jména: Duet,,,,1.1.2022
GAME,Krycí jména: Obrázky,,,,1.1.2022
GAME,Krysí válka,,,,1.1.2022
GAME,Kuba,,,,1.1.2022
GAME,Kvedlalové z Kvedlinburku,,,,1.1.2022
GAME,Kvízy do kapsy – 2. světová válka,,,,1.1.2022
GAME,Kvízy do kapsy – 60. léta,,,,1.1.2022
GAME,Kvízy do kapsy – 70. léta,,,,1.1.2022
GAME,Kvízy do kapsy – 80. léta,,,,1.1.2022
GAME,Kvízy do kapsy – 90. léta,,,,1.1.2022
GAME,Kvízy do kapsy – Česká města,,,,1.1.2022
GAME,Kvízy do kapsy – Filmové hlášky,,,,1.1.2022
GAME,Kvízy do kapsy – Filmové hlášky II,,,,1.1.2022
GAME,Kvízy do kapsy – Olympijské hry II,,,,1.1.2022
GAME,Kvízy do kapsy – Svět piva,,,,1.1.2022
GAME,Kvízy do kapsy – Svět tenisu,,,,1.1.2022
GAME,Kvízy do kapsy – Světová historie,,,,1.1.2022
GAME,Kvízy do kapsy – Světové osobnosti,,,,1.1.2022
GAME,Kvízy do kapsy – Víno a vinařství,,,,1.1.2022
GAME,Kyvadlo,,,,1.1.2022
GAME,Labužníci,,,,1.1.2022
GAME,Lascaux – Lov bez oštěpu,,,,1.1.2022
GAME,Le Havre,,,,1.1.2022
GAME,Leaving Earth,,,,1.1.2022
GAME,Legendary Creatures,,,,1.1.2022
GAME,Legendy Západu,,,,1.1.2022
,"Rozšíření: Hodný, zlý a pohledný a Hrst novinek",,,,
GAME,Legendy země Euthie,,,,1.1.2022
GAME,Leo musí ke kadeřníkovi,,,,1.1.2022
GAME,Letopisy Západního království,,,,1.1.2022
GAME,Letter Jam,,,,1.1.2022
GAME,Levá & Pravá,,,,1.1.2022
GAME,Lewis & Clark,,,,1.1.2022
GAME,Lisboa,,,,1.1.2022
,Kickstarter edice,,,,
GAME,Liška podšitá,,,,1.1.2022
GAME,Loony Quest,,,,1.1.2022
GAME,Lords of Hellas ,,CZ,,1.1.2022
GAME,Lords of Hellas,,ENG ,,1.1.2022
, Warlord box,,,,
,Rozšíření: Terrain Expansion,,,,
,Rozšíření: Atlas,,,,
,Rozšíření: City of Steel,,,,
,Rozšíření: Lords of the sun,,,,
,Rozšíření: Kronos rebellion,,,,
GAME,Lorenzo il Magnifico,,,,1.1.2022
GAME,Lotos,,,,1.1.2022
GAME,Machi Koro,,,,1.1.2022
,Rozšíření: Velkoměsto,,,,
GAME,Mage Knight,,,,1.1.2022
GAME,Mage Knight: Ultimátní edice,,,,1.1.2022
GAME,Magic The Gathering,,,,1.1.2022
,Commander Anthology Volume II,,,,
GAME,Majesty,,,,1.1.2022
GAME,Makroskop,,,,1.1.2022
GAME,Malá velká dobrodružství,,,,1.1.2022
GAME,Malá velká království,,,,1.1.2022
,Rozšíření: Úsvit hrdinů,,,,
GAME,Malé velké galaxie,,,,1.1.2022
,Drones,,,,
,Rozšíření: Do neznáma,,,,
GAME,Malé velké zombie,,,,1.1.2022
GAME,Mamma Mia!,,,,1.1.2022
GAME,Mandala,,,,1.1.2022
GAME,Mangrovia,,,,1.1.2022
GAME,Marco Polo,,,,1.1.2022
GAME,Marco Polo II,,,,1.1.2022
GAME,Mariášky,,,,1.1.2022
GAME,Marrakech,,,,1.1.2022
GAME,Mars Teraformace,,,,1.1.2022
,Hellas a Elysium a promokarty,,,,
,Rozšíření: Venuše,,,,
,Rozšíření: Předehra,,,,
,Rozšíření: Kolonie,,,,
,Rozšíření: Neklid,,,,
GAME,Marvel Champions: karetní hra,,,,1.1.2022
GAME,Marvel X-Men: Povstání mutantů,,,,1.1.2022
GAME,Masquerade,,,,1.1.2022
GAME,Masques,,,,1.1.2022
GAME,Master of Orion,,,,1.1.2022
GAME,Masters of Renaissance: Lorenzo Il Magnifico,,,,1.1.2022
GAME,Mazaný lišák,,,,1.1.2022
GAME,Maškarní bál,,,,1.1.2022
GAME,McJohny’s,,,,1.1.2022
GAME,Medvěd Wrr,,,,1.1.2022
GAME,Mech vs. Minions,,,,1.1.2022
GAME,Memoarrr!,,,,1.1.2022
GAME,Metal Adventures,,,,1.1.2022
GAME,Mezi dvěma zámky šíleného krále Ludvíka,,,,1.1.2022
GAME,Mezo,,,,1.1.2022
GAME,MikroMakro: Město zločinu,,,,1.1.2022
GAME,Micro Robots,,,,1.1.2022
GAME,Milostný dopis,,,,1.1.2022
GAME,Minutová říše: Legendy,,,,1.1.2022
GAME,Miremarsh – The Boardgame,,,,1.1.2022
,Kickstarted Edice – All-in,,,,
GAME,Mise: Kolonizace,,,,1.1.2022
GAME,Mnoho Monster,,,,1.1.2022
GAME,Modrá Laguna,,,,1.1.2022
GAME,Moje zlato!,,,,1.1.2022
GAME,Mombasa,,,,1.1.2022
GAME,Monstrum: Frankensteinovi dědicové,,,,1.1.2022
GAME,Monumental,,,,1.1.2022
,Rozšíření: The Lost Kingdoms,,,,
GAME,Moonriser,,,,1.1.2022
GAME,Moonshiners of the Apocalypse,,,,1.1.2022
GAME,Mořeplavci,,,,1.1.2022
GAME,Moštárna,,,,1.1.2022
GAME,Multiuniversum,,,,1.1.2022
GAME,Munchkin,,,,1.1.2022
,"Rozšíření: 2, 3, 4, 5, 6, 7 a 8",,,,
GAME,Munchkin Podzemí,,,,1.1.2022
GAME,Myrmes,,,,1.1.2022
GAME,Mysterium,,,,1.1.2022
,Rozšíření: Skrytá znamení,,,,
GAME,Mysthea,,,,1.1.2022
GAME,Mythic Battles: Pantheon,,,,1.1.2022
,Kickstarter God Pledge,,,,
GAME,Na drátě,,,,1.1.2022
GAME,Na křídlech,,,,1.1.2022
GAME,Na prodej,,,,1.1.2022
GAME,Nájezdníci ze severu,,,,1.1.2022
GAME,Nanty Narking,,,,1.1.2022
,Playmat,,,,
GAME,Narcos,,,,1.1.2022
GAME,Neanderthal: Lovci mamutů,,,,1.1.2022
GAME,Near and Far,,,,1.1.2022
GAME,Nejsme tu sami,,,,1.1.2022
,Minirozšíření,,,,
GAME,Nemesis,,"CZ, ENG",,1.1.2022
,Kickstarted Edice – All-in ,,,,
GAME,Neobvyklí podezřelí,,,,1.1.2022
GAME,Neuroshima Hex 3.0,,,,1.1.2022
GAME,New York 1901,,,,1.1.2022
GAME,Neta Tanka Deluxe edition,,,,1.1.2022
GAME,Nidavellir,,,,1.1.2022
GAME,Nightmare,,,,1.1.2022
GAME,NMBR 9,,,,1.1.2022
GAME,Noctiluca,,,,1.1.2022
GAME,Notre Dame,,,,1.1.2022
GAME,Nyctophobia,,,,1.1.2022
GAME,Obludárium,,,,1.1.2022
GAME,Off the Rails,,,,1.1.2022
GAME,Okanagan: Valley of the Lakes,,,,1.1.2022
GAME,Ominoes: Kostky bohů,,,,1.1.2022
GAME,On Mars,,,,1.1.2022
GAME,Onirim,,,,1.1.2022
GAME,Origin: Počátek lidstva,,,,1.1.2022
GAME,Ostrov Skye,,,,1.1.2022
GAME,Outlive,,,,1.1.2022
,Kickstarter edice,,,,
GAME,Ovce: Boj o pastviny,,,,1.1.2022
GAME,OVO,,,,1.1.2022
GAME,Pacific ’42 Admiral,,,,1.1.2022
GAME,Paku paku,,,,1.1.2022
GAME,Paladinové Západního království,,,,1.1.2022
GAME,Pán prstenů – karetní hra,,,,1.1.2022
GAME,Pán prstenů: Putování po Středozemi,,,,1.1.2022
GAME,Pandemic,,,,1.1.2022
,Rozšíření: Laboratoř,,,,
,Rozšíření: Nové hrozby,,,,
,Rozšíření: Stav ohrožení,,,,
GAME,Pandemic: Rychlé nasazení,,,,1.1.2022
GAME,Pandorum,,,,1.1.2022
GAME,Panovník,,,,1.1.2022
GAME,Panství hrůzy,,,,1.1.2022
,Svatyně soumraku,,,,
,Děsivé výpravy,,,,
GAME,Pantheon,,,,1.1.2022
GAME,Paranormální detektivové,,,,1.1.2022
GAME,Paris,,,,1.1.2022
GAME,Parks,,,,1.1.2022
,Playmat,,,,
GAME,Párty Alias,,,,1.1.2022
GAME,"Párty Alias: Hádej, kdo jsi",,,,1.1.2022
GAME,Párty Alias: Ženy vs muži,,,,1.1.2022
GAME,Párty věž,,,,1.1.2022
GAME,Patchwork,,,,1.1.2022
GAME,Pax Renaissance,,,,1.1.2022
,Rozšíření: BGG Promo karty a Rozšíření,,,,
GAME,Phantom,,,,1.1.2022
GAME,Pick & Pack,,,,1.1.2022
GAME,Pictomania,,,,1.1.2022
GAME,Pikantní kočky,,,,1.1.2022
GAME,Pilíře země,,,,1.1.2022
GAME,Pipeline,,,,1.1.2022
GAME,Piráti,,,,1.1.2022
GAME,Pirátské kostky,,,,1.1.2022
GAME,Pivní hra,,,,1.1.2022
GAME,Plague Inc.: The Board Game,,,,1.1.2022
,Rozšíření: Armageddon,,,,
GAME,Planetarium,,,,1.1.2022
,Rozšíření: Primordial,,,,
GAME,Plyšová hlídka,,,,1.1.2022
GAME,Pocket Dragons,,,,1.1.2022
GAME,Pocket Ops – Deduction and Area Control,,,,1.1.2022
GAME,Podmořská města,,,,1.1.2022
GAME,Pohádkáři,,,,1.1.2022
GAME,Poker,,,,1.1.2022
GAME,Policajti,,,,1.1.2022
GAME,Portal: Nespolečenská hra o sbírání dortů,,,,1.1.2022
GAME,Port Royal,,,,1.1.2022
,Rozšíření: Kontrakt,,,,
,Rozšíření: 2,,,,
GAME,Poslední slovo,,,,1.1.2022
GAME,Poštovní kurýr,,,,1.1.2022
GAME,Potato Man,,,,1.1.2022
GAME,Pozvedněte číše,,,,1.1.2022
GAME,Pravěk,,,,1.1.2022
GAME,Praga Caput Regni,,,,1.1.2022
GAME,Pekelný stroj: Moriarty vs. Sherlock,,,,1.1.2022
GAME,Proč kouzelník nečaruje,,,,1.1.2022
GAME,Proroctví,,,,1.1.2022
,Rozšíření: Dračí říše,,,,
,Rozšíření: Vodní říše,,,,
GAME,Představ si,,,,1.1.2022
GAME,Příběhy piráta,,,,1.1.2022
GAME,Příběhy z kostek: Akc,,,,1.1.2022
GAME,Příběhy z kostek: Doctor Who,,,,1.1.2022
GAME,Příběhy z kostek: Fantazie,,,,1.1.2022
GAME,Příběhy z kostek: Hrdinové,,,,1.1.2022
GAME,Příběhy z kostek: Looney Tunes,,,,1.1.2022
GAME,Příběhy z kostek: Scooby Doo,,,,1.1.2022
GAME,Příběhy z kostek: Výprav,,,,1.1.2022
GAME,Příběhy z kostek: Záhady,,,,1.1.2022
GAME,Příšerky z podzemí,,,,1.1.2022
GAME,Puerto Rico,,,,1.1.2022
GAME,Pulsar 2849,,,,1.1.2022
GAME,Pustina ,,CZ,,1.1.2022
GAME,Pylos,,,,1.1.2022
GAME,Quantum,,,,1.1.2022
GAME,Quarto,,,,1.1.2022
GAME,QueenDomino,,,,1.1.2022
GAME,Queenz,,,,1.1.2022
GAME,Quiddler,,,,1.1.2022
GAME,Quixo,,,,1.1.2022
GAME,Quoridor,,,,1.1.2022
GAME,Qwixx de Luxe,,,,1.1.2022
GAME,Railroad Ink: Azurově modrá edice,,,,1.1.2022
GAME,Railroad Ink: Ohnivě rudá edice,,,,1.1.2022
GAME,Railways of the World: 10th Anniversary Edition,,,,1.1.2022
GAME,Raptor,,,,1.1.2022
GAME,Reavers of Midgard,,,,1.1.2022
,Kickstarter edice,,,,
,Playmat,,,,
GAME,Red Alert: Space Fleet Warfare,,,,1.1.2022
,Rozšíření: Logistics & Space platform escalation pack,,,,
,Rozšíření: Vice Admiral FLagship Escalation Pack,,,,
GAME,Revolver,,,,1.1.2022
GAME,Reykholt,,,,1.1.2022
GAME,Rise of Tribes,,,,1.1.2022
GAME,Rising Sun ,,CZ,,1.1.2022
,Rozšíření: Nespoutaní bohové,,,,
,Rozšíření: Nová monstra,,,,
,Rozšíření: Invaze dynastií,,,,
,Neoprenový playmat,,,,
GAME,Rising Sun ,,ENG,,1.1.2022
,Kickstarter edice,,,,
,Rozšíření: Dynasty Invasion,,,,
,Rozšíření: Kami Unbound,,,,
,Rozšíření: Monster Pack,,,,
GAME,Rival Restaurants,,,,1.1.2022
GAME,Rivalové,,,,1.1.2022
,Rozšíření: Nebezpečné okruhy,,,,
GAME,River Dragons,,,,1.1.2022
GAME,Robin Hood and the Merry Men,,,,1.1.2022
GAME,Robinson Crusoe,,,,1.1.2022
,Rozšíření: Záhada ztraceného města,,,,
GAME,RobotiCS,,,,1.1.2022
GAME,Roll for the Galaxy,,,,1.1.2022
GAME,RONE,,,,1.1.2022
GAME,RONE – Race of New Era,,,,1.1.2022
,Rozšíření: Probuzení a Nové síly,,,,
,Playmat x2 (banerovina),,,,
,Playmat x2 (neopren),,,,
GAME,Room 25,,,,1.1.2022
GAME,Root ,,CZ,,1.1.2022
,Rozšíření: Říčního lidu,,,,
GAME,Root ,,ENG,,1.1.2022
,Riverfolk expansion,,,,
GAME,Rune Stones,,,,1.1.2022
,Rozšíření: Nocturnal Creatures – čekáme na dodání chybějícich komponentů,,,,
GAME,Ruské železnice,,,,1.1.2022
GAME,Rytíř klouzek,,,,1.1.2022
GAME,Říše příšer,,,,1.1.2022
GAME,Sabotér,,,,1.1.2022
,Rozšíření,,,,
GAME,Sabotér Duel,,,,1.1.2022
GAME,Safari Bar,,,,1.1.2022
GAME,Safari Bar: Nové šelmy před barem,,,,1.1.2022
GAME,Sagrada,,,,1.1.2022
GAME,Samarkand,,,,1.1.2022
GAME,Samhain,,,,1.1.2022
GAME,Samurai Spirit,,,,1.1.2022
GAME,Samurajský meč,,,,1.1.2022
GAME,San Juan,,,,1.1.2022
GAME,San Marco,,,,1.1.2022
GAME,Sanctum,,,,1.1.2022
GAME,Sankt Petersburg,,,,1.1.2022
GAME,Scythe,,,,1.1.2022
,Nová setkání,,,,
,Rozšíření: Invaze z dálek,,,,
,Rozšíření: Titáni nebes,,,,
,Rzšíření: Vzestup Fenrise,,,,
GAME,Secret Hitler,,,,1.1.2022
GAME,Sedm Draků,,,,1.1.2022
GAME,Sejmi jednorožce,,,,1.1.2022
GAME,Senji,,,,1.1.2022
GAME,Settlers: Vládcové severu,,,,1.1.2022
GAME,Settlers: Zrod impéria,,,,1.1.2022
,"Rozšíření: Atlantida, Amazon, Aztékové, Proč bychom se nepřátelili a Síla trojice",,,,
GAME,Shadows: Amsterdam,,,,1.1.2022
GAME,Sherlock Holmes: Trojitá výzva,,,,1.1.2022
GAME,Shit Happens,,,,1.1.2022
GAME,Shitenno,,,,1.1.2022
GAME,Shogun Big box,,,,1.1.2022
,čekáme na dodání chybějícich komponentů,,,,
GAME,Shuffle Heroes,,,,1.1.2022
GAME,SiegeStorm,,,,1.1.2022
GAME,Sierra West,,,,1.1.2022
GAME,Sid Meier’s Civilization,,,,1.1.2022
GAME,Side Effects,,,,1.1.2022
GAME,Skol ty Skoty!,,,,1.1.2022
GAME,Skulk Hollow,,,,1.1.2022
GAME,Slož to,,,,1.1.2022
GAME,Small Star Empires,,,,1.1.2022
GAME,Small World of Warcraft,,,,1.1.2022
GAME,Sochy v akci,,,,1.1.2022
GAME,Sole Mio!,,,,1.1.2022
GAME,Space Alert,,,,1.1.2022
,Rozšíření: Vzdálené horizonty,,,,
GAME,Space Race,,,,1.1.2022
,Rozšíření: Interkosmos,,,,
GAME,Spiknutí: Království Hlubiny,,,,1.1.2022
GAME,Spirit Island,,,,1.1.2022
,Rozšíření: Branch and Claw,,,,
GAME,Splendor,,,,1.1.2022
,Rozšíření: Města Splendoru,,,,
GAME,Splendor Marvel,,,,1.1.2022
GAME,Spoj 5,,,,1.1.2022
GAME,StarCraft: The Board Game,,,,1.1.2022
GAME,Star Trek: Ascendancy,,,,1.1.2022
GAME,Star Wars Imperium vs. Rebelové,,,,1.1.2022
GAME,Star Wars Rebelie ,,CZ,,1.1.2022
,Rozšíření: Rise of the Empire,,,,
GAME,Star Wars Vnější okraj,,,,1.1.2022
GAME,Starcadia Quest ,,ENG,,1.1.2022
,Kickstarted Edice – All-in,,,,
GAME,Steam Park,,,,1.1.2022
,Rozšíření: Play Dirty a Robots,,,,
GAME,Stezky tukanů,,,,1.1.2022
GAME,Stronghold  ,,CZ,,1.1.2022
,2. edice,,,,
GAME,Střelené kachny,,,,1.1.2022
GAME,Studená válka,,,,1.1.2022
GAME,Suburbia: Collector’s Edition,,,,1.1.2022
GAME,Summoner Wars,,,,1.1.2022
,"Rozšíření: Mistrovská sada, Zatracení, Žoldnéři",,,,
GAME,Summoner’s Isle,,,,1.1.2022
GAME,Sun-Tzu,,,,1.1.2022
GAME,Superšpión,,,,1.1.2022
GAME,Sushi Go,,,,1.1.2022
GAME,System,,,,1.1.2022
GAME,Šalingrad,,,,1.1.2022
GAME,Šerif z Nottinghamu,,,,1.1.2022
GAME,Šestiměstí,,,,1.1.2022
,Rozšíření: Družina věrných,,,,
GAME,Šťastný candát,,,,1.1.2022
GAME,T.I.M.E. Stories,,,,1.1.2022
,Rozšíření: Proroctví draků,,,,
,Rozšíření: Případ Marcy,,,,
GAME,Tainted Grail: The Fall of Avalon,,,,1.1.2022
,All-in,,,,
GAME,Tajuplné říše,,,,1.1.2022
GAME,Takenoko,,,,1.1.2022
,Rozšíření: Panďátka,,,,
GAME,Talisman,,,,1.1.2022
,Rozšíření: Podzemí,,,,
GAME,Tapestry,,,,1.1.2022
GAME,Tash-Kalar: Aréna legend,,,,1.1.2022
,"Rozšíření: Pekelný oheň, Věčný mráz, Spoutaný čas",,,,
GAME,Temné znamení,,,,1.1.2022
GAME,Terra Mystica,,,,1.1.2022
,Rozšíření: Oheň a led,,,,
,Rozšíření: Obchodníci,,,,
GAME,Teotihuacan: City of Gods,,,,1.1.2022
,Rozšíření: Late Preclassic,,,,
GAME,Thanos Rising,,,,1.1.2022
GAME,The 7th continent,,,,1.1.2022
,All-in,,,,
GAME,The Castles of Burgundy,,,,1.1.2022
GAME,The City of Kings,,,,1.1.2022
GAME,The Flow of History,,,,1.1.2022
GAME,The Gallerist,,,,1.1.2022
,Kickstarter edice,,,,
GAME,The Game,,,,1.1.2022
GAME,The Island of El Dorado,,,,1.1.2022
,Rozšíření: The Thieves of El Dorado,,,,
GAME,The Isle of Cats,,,,1.1.2022
,5 & 6 Player,,,,
GAME,The Manhattan project Energy Empire,,,,1.1.2022
GAME,The Mind – Souznění myslí,,,,1.1.2022
GAME,The Phantom Society,,,,1.1.2022
GAME,The Resistance: Avalon,,,,1.1.2022
GAME,The Towers of Arkhanos,,,,1.1.2022
,5th player expansion,,,,
,Rozšíření: The Dark Tower Expansion,,,,
GAME,The Waylanders,,,,1.1.2022
GAME,Théby,,,,1.1.2022
GAME,This War of Mine: The Board Game,,,,1.1.2022
,Rozšíření: Příběhy města sutin,,,,
GAME,Through the Ages: Příběh civilizace,,,,1.1.2022
GAME,Through the Ages: Nový příběh civilizace,,,,1.1.2022
GAME,Ticket to Ride – Evropa,,,,1.1.2022
GAME,Tikal,,,,1.1.2022
GAME,Time of Legends: Joan of Arc,,,,1.1.2022
,"Core Box, Reliquary Box, Super Compendium, Plunder a Compendium",,,,
,Rozšíření: Apocalypse,,,,
,Rozšíření: Siege,,,,
,Rozšíření: Legendary Dragon,,,,
,Rozšíření: Unleash Hell,,,,
,Rozšíření: Village Pack,,,,
,Rozšíření: Ars Nova,,,,
,Rozšíření: Legendary Battles,,,,
,Rozšíření: Joan of Arc: The Role Playing Game,,,,
,Rozšíření: Neoprene Playmat,,,,
,Rozšíření: Ottoman Army,,,,
,Rozšíření: Siege Equipment,,,,
GAME,Time’s Up! Rodina,,,,1.1.2022
GAME,Timeline: Hudba a film,,,,1.1.2022
GAME,Timeline: Objevy,,,,1.1.2022
GAME,Timeline: Pestrá historie,,,,1.1.2022
GAME,Timeline: Událost,,,,1.1.2022
GAME,Timeline: Vynálezy,,,,1.1.2022
GAME,Timeline: Slovensko,,,,1.1.2022
GAME,Timeline: Česko,,,,1.1.2022
GAME,To je otázka!,,,,1.1.2022
GAME,Too Many Bones,,,,1.1.2022
GAME,Továrník,,,,1.1.2022
GAME,Trickerion: Collector’s Edition,,,,1.1.2022
GAME,Trogdor: The Board Game,,,,1.1.2022
GAME,Troll,,,,1.1.2022
GAME,Tsuro of the Seas,,,,1.1.2022
,Rozšíření: Veterans of the Seas,,,,
GAME,Túry Můry,,,,1.1.2022
GAME,Tuscany,,,,1.1.2022
GAME,Twilight Imperium ,,CZ,,1.1.2022
,4. edice,,,,
GAME,Tzolk'in: Mayský kalendář,,,,1.1.2022
,mini Rozšíření: 1 a 2,,,,
,Rozšíření: Kmeny a proroctví,,,,
GAME,U-Boot,,,,1.1.2022
GAME,Ubongo,,,,1.1.2022
GAME,Ubongo 3D,,,,1.1.2022
GAME,Ultimate Warriorz,,,,1.1.2022
GAME,Unlock,,,,1.1.2022
GAME,Unstable Unicorns,,,,1.1.2022
,"Rozšíření: Apocalypse, Dragon, Rainbow Sprinkles, NSFW Pack",,,,
GAME,Under my bed,,,,1.1.2022
GAME,Únikové příběhy – Procitnutí,,,,1.1.2022
GAME,Únikovka: Loupež v Benátkách,,,,1.1.2022
GAME,Únikovka: Závod s časem,,,,1.1.2022
GAME,Útěk z vězení,,,,1.1.2022
GAME,V hlavní roli,,,,1.1.2022
GAME,V pasti,,,,1.1.2022
GAME,Valhalla ,,"CZ, ENG",,1.1.2022
,KS – Epic box (ENG),,,,
GAME,Vast: The Crystal Caverns,,,,1.1.2022
,Miniatures Expansion,,,,
,Rozšíření: The Fearsome Foes),,,,
GAME,Ve jménu krále,,,,1.1.2022
GAME,Ve víru věků,,,,1.1.2022
GAME,Velbloudí dostihy,,,,1.1.2022
GAME,Vědomostní pexeso – Zvířecí nej,,,,1.1.2022
GAME,Velká kniha strašlivých čar,,,,1.1.2022
GAME,Velryby ničí svět,,,,1.1.2022
GAME,Verona,,,,1.1.2022
GAME,Veverčáci,,,,1.1.2022
GAME,Vikomti Západního Království,,,,1.1.2022
GAME,Villagers,,,,1.1.2022
GAME,Vindication,,,,1.1.2022
GAME,Vinhos Deluxe,,,,1.1.2022
,Kickstarter edice,,,,
GAME,Vítejte ve svém vysněném domově,,,,1.1.2022
GAME,Viticulture,,,,1.1.2022
GAME,Vládce Tokia,,,,1.1.2022
,postava Rozy Pony,,,,
,Rozšíření: Ještě silnější,,,,
GAME,Vládci podzemí,,,,1.1.2022
GAME,Volfyirion,,,,1.1.2022
GAME,Voodoo mánie,,,,1.1.2022
GAME,Vše nej,,,,1.1.2022
GAME,Vúdú,,,,1.1.2022
GAME,Vúdú: Nindžové a lidojedi,,,,1.1.2022
GAME,Výbušná koťátka,,,,1.1.2022
,Implozivní koťátka,,,,
,Přisprostlá edice,,,,
GAME,Výbušná koťátka – Párty karty,,,,1.1.2022
GAME,Výbušné lektvary,,,,1.1.2022
GAME,Vysoké napětí,,,,1.1.2022
,Rozšíření: Benelux/Střední Evropa a Nové elektrárny,,,,
GAME,Výzvy přírody – Dinosauři,,,,1.1.2022
GAME,Vzhůru do podzemí!,,,,1.1.2022
GAME,Vzhůru zpátky do podzemí!,,,,1.1.2022
GAME,War of the Ring,,"CZ, ENG",,1.1.2022
,2. edice,,,,
,"CZ jen karty, CZ pravidla na deskozrout.cz",,,,
GAME,War of the Worlds: The New Wave,,,,1.1.2022
,Kickstarter edice,,,,
,Playmat,,,,
GAME,Warcraft,,,,1.1.2022
GAME,Western Legends ,,ENG,,1.1.2022
,Rozšíření: Fistful of Extras a The Good the Bad & the Handsome,,,,
GAME,World of Tanks: Rush,,,,1.1.2022
GAME,World of Warcraft,,,,1.1.2022
GAME,X bere!,,,,1.1.2022
GAME,XCOM: Desková hra,,,,1.1.2022
GAME,XIA: Legends of a drift,,,,1.1.2022
,Rozšíření: Embers of a Forsaken Star,,,,
GAME,Yggdrasil,,,,1.1.2022
GAME,Ys,,,,1.1.2022
GAME,Yspahan,,,,1.1.2022
GAME,Žabky,,,,1.1.2022
GAME,Začarovaná věž,,,,1.1.2022
GAME,Zahrada,,,,1.1.2022
GAME,Zachraňte Příšerky!,,,,1.1.2022
GAME,Zajíc a želva,,,,1.1.2022
GAME,Zakázaný ostrov,,,,1.1.2022
GAME,Zakázaná poušť,,,,1.1.2022
GAME,Zaklínač,,,,1.1.2022
GAME,Záchranáři: Boj s ohněm,,,,1.1.2022
,Rozšíření: 2. podlaží a Velkoměsto,,,,
GAME,Zámky šíleného krále Ludvíka,,,,1.1.2022
GAME,Zasni se,,,,1.1.2022
GAME,Země,,,,1.1.2022
GAME,Země: Na cestách,,,,1.1.2022
GAME,Zeměplocha: Ankh-Morpork,,,,1.1.2022
GAME,Zeměplocha: Čarodějky,,,,1.1.2022
GAME,Zeměplocha: Semafory,,,,1.1.2022
GAME,Zhanguo,,,,1.1.2022
GAME,Zima mrtvých: Cesty osudu,,,,1.1.2022
,Rozšíření: Dlouhá noc,,,,
GAME,Zlaté Česko,,,,1.1.2022
GAME,Změňte osud – Třešňové květy,,,,1.1.2022
GAME,Zombicide: Černý mor ,,CZ,,1.1.2022
,Rozšíření: Wulfsburg,,,,
GAME,Zombicide: Green Horde ,,ENG,,1.1.2022
,Kickstarter Edice,,,,
GAME,Zombicide: Invader ,,ENG,,1.1.2022
,Kickstarted Edice – All-in,,,,
GAME,Zombie Kidz: Evoluce,,,,1.1.2022
GAME,Zombie Teenz: Evoluce,,,,1.1.2022
GAME,Zombie Tsunami,,,,1.1.2022
GAME,Zombies vs. Cheerleaders,,,,1.1.2022
GAME,Zooloretto,,,,1.1.2022
,Rozšíření: Boss,,,,
,Rozšíření: Exotic,,,,
,Rozšíření: XXL,,,,
GAME,Zpátky do lavic,,,,1.1.2022
GAME,Ztracené dědictví: Hvězdný koráb,,,,1.1.2022
GAME,Ztracené dědictví: Létající zahrada,,,,1.1.2022
GAME,Zvířata na palubě,,,,1.1.2022